load_type,ideal_value
match_score,60.34268300699999
training_score,63.895119592
recovery_score,58.417341855000004
