feature,importance
LBES,0.3636254102664348
match_score,0.15507326170208247
recovery_score,0.10891443866840282
LBES_3day_avg,0.10571383042963643
recovery_3day_avg,0.06611004205024604
LBES_change,0.05375694208433877
recovery_slope,0.05077805868404038
LBES_5day_avg,0.025158738555345707
recovery_score_prev,0.01812394347812116
training_score_prev,0.015471269827176753
match_score_prev,0.014962935376005264
training_3day_std,0.011413843483453812
training_score,0.010897285394715685
